<?xml version="1.0" encoding="UTF-8"?>
<!DOCTYPE mapper
  PUBLIC "-//mybatis.org//DTD Mapper 3.0//EN"
  "http://mybatis.org/dtd/mybatis-3-mapper.dtd">
<mapper namespace="com.ssafy.model.mapper.UserInfo">
	
	<insert id="insertUser" parameterType="userInfo">
		insert into user values (#{id}, #{pw}, #{name}, #{addr}, #{tel}, #{allergy}, #{email})
	</insert>

	<select id="selectUser" resultType="userInfo" parameterType="String">
		select * from user where id = #{id}
	</select>
	
	<update id="updateUser" parameterType="userInfo">
		update user set pw = #{pw}, name = #{name}, addr = #{addr}, tel = #{tel}, allergy = #{allergy}, email = #{email}
		            where id = #{id}
	</update>

	<delete id="deleteUser" parameterType="String">
		delete from user where id = #{id}
	</delete>
		
	<delete id="deleteUserEat" parameterType="String">
		delete from usereat where user_id = #{id}
	</delete>
	
	<select id="findPw" parameterType="userInfo" resultType="userInfo">
		select * from user where id = #{id} and email = #{email}
	</select>
	
	<update id="updatePw" parameterType="userInfo">
		update user set pw = #{pw} where id = #{id}
	</update>
	
</mapper>